id,nom_projet,id_chef,budget,date_limite
1,Projet 1,63,36220,2023-08-09
2,Projet 2,49,42387,2023-03-03
3,Projet 3,63,28780,2025-03-11
4,Projet 4,7,11723,2025-08-21
5,Projet 5,70,47077,2025-06-16
6,Projet 6,28,11390,2025-06-12
7,Projet 7,90,26190,2025-05-26
8,Projet 8,16,34870,2024-04-07
9,Projet 9,48,25576,2025-10-04
10,Projet 10,83,21144,2025-02-21
11,Projet 11,84,10506,2023-04-15
12,Projet 12,94,47218,2023-09-25
13,Projet 13,22,37310,2025-03-05
14,Projet 14,36,25592,2025-11-10
15,Projet 15,73,28996,2025-07-20
16,Projet 16,98,19773,2023-01-27
17,Projet 17,31,29264,2024-07-26
18,Projet 18,39,31132,2025-02-07
19,Projet 19,5,43337,2023-09-09
20,Projet 20,61,48974,2024-12-20
21,Projet 21,99,14399,2025-02-26
22,Projet 22,80,32908,2023-04-23
23,Projet 23,25,46717,2025-11-08
24,Projet 24,2,18808,2024-01-18
25,Projet 25,29,37930,2023-02-28
26,Projet 26,5,47073,2025-06-15
27,Projet 27,61,18803,2023-01-07
28,Projet 28,95,26172,2023-06-14
29,Projet 29,93,28371,2024-02-14
30,Projet 30,33,39596,2024-06-08
31,Projet 31,50,13807,2025-01-16
32,Projet 32,92,11148,2024-06-23
33,Projet 33,79,39909,2025-05-25
34,Projet 34,36,26830,2023-11-18
35,Projet 35,46,27064,2025-04-07
36,Projet 36,93,45178,2025-09-25
37,Projet 37,33,31989,2024-12-02
38,Projet 38,39,25923,2025-07-18
39,Projet 39,2,47198,2025-09-18
40,Projet 40,65,17843,2024-02-14
41,Projet 41,37,32188,2024-01-16
42,Projet 42,94,19980,2024-03-23
43,Projet 43,21,21203,2024-04-07
44,Projet 44,74,43718,2025-11-07
45,Projet 45,30,14036,2023-03-12
46,Projet 46,74,33907,2023-10-12
47,Projet 47,25,16408,2023-09-16
48,Projet 48,86,12813,2025-03-06
49,Projet 49,20,33994,2025-03-06
50,Projet 50,28,16423,2025-12-08
