ID_Chauffeur,Date_Inscription,Evaluation,Nombre_Trajets,Langues_Parlées,Formation_Sécurité,Disponibilité,Date_Dernier_Controle,Revenu_Total,Distance_Totale,Licence_Valide,Type_Véhicule
1,2020-10-26 05:21:50,4.47,111,Anglais,True,Nuit,2023-11-19 16:42:58,9822.25,8769.53,True,SUV
2,2021-06-25 08:27:37,1.99,225,Espagnol,False,Matin,2023-01-05 23:29:58,3816.57,3407.52,True,Monospace
3,2020-11-25 01:33:55,4.61,3,Allemand,True,Matin,2023-11-04 03:02:12,7416.73,6621.82,True,Électrique
4,2022-09-29 21:31:54,2.59,117,Français,True,Après-midi,2023-08-29 08:58:39,2261.35,2018.98,True,Monospace
5,2020-08-29 12:25:14,2.67,292,Français,False,Soir,2023-10-30 22:39:48,8590.18,7669.51,True,SUV
6,2018-03-20 21:09:52,1.21,302,Anglais,True,Soir,2023-05-11 20:06:53,3427.9,3060.51,True,SUV
7,2021-12-13 14:22:45,4.13,430,Allemand,True,Après-midi,2023-06-27 12:26:07,9322.83,8323.63,True,Monospace
8,2018-12-17 18:18:05,4.78,33,Anglais,True,Après-midi,2023-08-16 18:13:18,8248.96,7364.86,True,Monospace
9,2021-02-07 23:00:19,4.35,352,Français,True,Après-midi,2023-10-27 13:56:44,3617.71,3229.97,True,SUV
10,2022-01-29 18:58:13,1.35,462,Anglais,True,Matin,2023-09-10 13:46:48,7393.79,6601.34,True,Monospace
11,2019-11-29 00:35:59,4.89,52,Allemand,True,Matin,2023-09-06 04:44:04,4455.63,3978.09,True,Électrique
12,2022-11-27 23:12:38,3.21,280,Espagnol,True,Nuit,2023-02-09 13:59:50,10748.66,9596.65,True,Électrique
13,2019-01-07 04:34:37,2.65,286,Anglais,False,Matin,2023-05-09 23:44:11,2944.66,2629.06,True,Électrique
14,2018-03-15 14:12:17,2.44,476,Français,True,Matin,2023-04-27 11:08:46,10426.66,9309.16,True,Berline
15,2020-01-10 21:23:55,4.26,404,Italien,True,Soir,2023-10-05 19:16:27,1279.88,1142.71,True,Électrique
16,2022-09-16 03:35:19,4.75,212,Anglais,False,Après-midi,2023-05-04 14:24:56,2099.02,1874.05,True,Berline
17,2019-12-10 01:38:28,4.1,224,Espagnol,True,Nuit,2023-11-30 12:55:27,545.14,486.71,True,Monospace
18,2020-11-02 02:59:02,4.71,104,Anglais,True,Nuit,2023-07-15 17:10:32,11064.09,9878.27,True,Berline
19,2021-10-20 23:53:56,1.2,164,Français,True,Nuit,2023-05-04 13:26:39,6980.12,6232.01,True,Monospace
20,2020-11-10 22:22:03,4.96,350,Anglais,True,Soir,2023-03-24 14:24:44,11067.28,9881.12,True,Compacte
21,2022-11-02 09:10:43,3.16,263,Anglais,True,Après-midi,2023-06-21 11:22:16,253.8,226.6,True,Électrique
22,2018-05-08 03:12:41,2.7,42,Français,True,Matin,2023-07-23 08:06:20,2888.05,2578.52,True,SUV
23,2018-10-04 08:18:52,3.18,177,Allemand,True,Nuit,2023-12-28 09:14:44,6898.97,6159.56,True,Compacte
24,2019-11-01 02:21:38,2.68,390,Français,True,Soir,2023-04-25 12:35:59,1234.84,1102.49,True,Berline
25,2022-01-06 10:47:40,1.84,481,Espagnol,True,Matin,2023-01-16 08:47:25,5281.41,4715.36,True,Berline
26,2021-12-28 16:20:19,2.52,449,Anglais,False,Après-midi,2023-08-26 03:44:11,5336.07,4764.16,True,Monospace
27,2018-01-21 06:28:18,3.15,455,Espagnol,True,Matin,2023-04-28 00:29:33,7632.89,6814.82,True,SUV
28,2020-02-08 11:57:03,2.5,487,Allemand,True,Matin,2023-11-07 00:54:54,3134.87,2798.88,True,Berline
29,2021-02-12 04:40:48,2.19,110,Français,False,Après-midi,2023-11-12 20:31:52,9229.0,8239.86,True,Berline
30,2019-03-08 09:32:38,2.25,413,Espagnol,True,Nuit,2023-03-30 09:18:10,10828.37,9667.81,True,Monospace
31,2021-06-19 08:13:15,3.67,111,Anglais,True,Après-midi,2023-05-04 02:29:40,10462.75,9341.38,True,Compacte
32,2021-04-17 05:02:13,3.01,477,Français,True,Après-midi,2023-11-21 06:28:24,10596.78,9461.04,True,Électrique
33,2018-03-24 19:39:31,2.34,38,Français,True,Nuit,2023-09-08 23:46:05,8241.57,7358.26,True,Monospace
34,2020-08-06 04:07:25,2.02,293,Français,True,Après-midi,2023-02-23 17:43:19,1570.05,1401.78,True,Compacte
35,2018-12-06 05:10:18,4.95,458,Espagnol,True,Soir,2023-07-04 07:58:22,4934.34,4405.49,True,Compacte
36,2022-07-17 18:39:30,3.82,366,Anglais,True,Soir,2023-06-14 03:53:24,9338.08,8337.25,True,SUV
37,2020-08-10 03:02:49,2.14,249,Français,False,Après-midi,2023-02-03 20:47:24,8278.31,7391.06,True,Électrique
38,2019-09-04 01:58:31,2.91,420,Français,True,Soir,2023-10-13 23:57:37,3881.23,3465.25,False,Compacte
39,2021-12-14 04:13:43,1.22,53,Italien,True,Matin,2023-07-06 02:27:21,4023.04,3591.86,True,Monospace
40,2019-12-29 23:05:14,4.04,216,Allemand,True,Nuit,2023-06-18 04:51:40,7014.87,6263.03,True,Berline
41,2021-05-19 11:15:06,1.99,156,Français,True,Soir,2023-03-19 07:43:00,898.63,802.32,True,Berline
42,2018-12-02 14:51:14,2.09,470,Français,True,Nuit,2023-06-16 19:35:23,3941.56,3519.11,True,SUV
43,2020-01-22 09:20:44,3.52,85,Anglais,True,Après-midi,2023-11-10 09:00:29,174.09,155.43,True,Monospace
44,2019-02-06 03:35:01,1.83,148,Espagnol,True,Après-midi,2023-09-11 05:50:28,8476.58,7568.08,True,Monospace
45,2022-03-26 19:59:46,2.74,29,Espagnol,True,Matin,2023-04-16 09:39:41,3841.58,3429.85,True,SUV
46,2019-02-16 03:52:02,3.49,238,Espagnol,True,Matin,2023-06-18 13:36:53,10535.01,9405.89,False,SUV
47,2022-02-23 21:47:58,4.31,151,Anglais,True,Après-midi,2023-12-29 01:04:56,9263.8,8270.93,True,Berline
48,2020-05-10 20:57:40,2.43,364,Italien,True,Soir,2023-02-15 09:57:23,7155.43,6388.53,True,Monospace
49,2021-07-20 12:39:59,4.6,435,Italien,True,Matin,2023-06-23 21:53:04,3888.04,3471.33,True,Berline
50,2018-03-14 11:58:32,4.81,232,Espagnol,True,Nuit,2023-02-21 09:58:26,6881.14,6143.64,True,Électrique
51,2021-11-19 15:51:51,1.0,204,Anglais,True,Matin,2023-07-11 07:59:13,3686.81,3291.67,True,Électrique
52,2018-11-21 07:36:15,2.65,78,Italien,True,Nuit,2023-03-19 14:22:50,3929.06,3507.95,True,SUV
53,2022-11-17 20:32:24,1.25,190,Français,False,Après-midi,2023-01-19 07:40:55,9219.08,8231.0,True,Berline
54,2020-12-23 03:51:47,3.67,391,Anglais,False,Nuit,2023-12-04 06:53:21,11165.23,9968.57,True,SUV
55,2019-12-02 02:55:01,1.93,492,Anglais,False,Soir,2023-02-04 10:49:53,10819.35,9659.76,True,Monospace
56,2021-10-27 19:30:23,2.6,378,Allemand,True,Après-midi,2023-06-22 17:59:56,5324.18,4753.55,True,SUV
57,2019-05-05 07:39:57,1.16,295,Français,True,Matin,2023-05-05 14:33:54,368.47,328.98,True,Électrique
58,2020-11-09 01:35:12,3.63,73,Espagnol,True,Après-midi,2023-04-07 07:56:01,1319.53,1178.11,True,Berline
59,2019-10-07 23:28:01,2.95,211,Italien,False,Soir,2023-12-08 10:36:25,5790.77,5170.13,True,Électrique
60,2022-11-09 08:25:58,3.59,453,Anglais,True,Nuit,2023-11-24 23:39:13,3918.16,3498.22,True,Berline
61,2018-08-30 04:07:53,3.74,330,Espagnol,True,Nuit,2023-09-15 20:10:15,8740.73,7803.92,True,Monospace
62,2022-04-09 21:55:45,4.17,29,Allemand,True,Après-midi,2023-05-03 02:13:13,8211.08,7331.04,True,Berline
63,2018-08-01 00:23:10,1.61,211,Français,True,Nuit,2023-09-30 18:14:00,5179.66,4624.52,True,Compacte
64,2020-02-06 13:19:37,1.12,404,Espagnol,False,Après-midi,2023-04-06 07:46:57,3399.97,3035.57,True,Électrique
65,2020-02-07 15:17:49,1.44,347,Italien,False,Nuit,2023-10-17 04:53:23,8544.87,7629.05,True,SUV
66,2018-11-14 21:53:59,1.24,463,Anglais,False,Après-midi,2023-07-21 15:01:52,11032.21,9849.81,True,SUV
67,2019-12-02 02:33:54,1.55,305,Anglais,True,Matin,2023-07-11 19:39:38,6146.36,5487.61,True,Monospace
68,2019-07-18 13:35:21,3.89,166,Français,True,Nuit,2023-08-02 15:20:42,3455.92,3085.52,True,Électrique
69,2019-01-31 10:33:11,3.23,460,Anglais,True,Nuit,2023-04-24 02:47:22,125.75,112.27,True,Monospace
70,2020-04-12 12:51:49,1.03,69,Italien,True,Après-midi,2023-08-12 06:17:43,7407.7,6613.76,True,SUV
71,2022-06-23 23:47:58,2.09,189,Espagnol,False,Soir,2023-10-23 16:16:38,5523.38,4931.4,True,Monospace
72,2019-04-30 13:53:44,4.82,346,Espagnol,True,Matin,2023-04-19 21:46:04,767.46,685.21,True,Monospace
73,2019-03-14 19:35:10,2.69,127,Espagnol,False,Après-midi,2023-04-16 14:41:51,8264.14,7378.41,True,SUV
74,2021-02-01 02:12:07,3.5,418,Français,True,Matin,2023-07-08 02:59:25,9320.61,8321.65,True,Électrique
75,2018-09-05 12:47:33,2.01,175,Allemand,True,Après-midi,2023-07-20 01:21:09,7112.67,6350.35,True,Compacte
76,2018-07-28 20:08:24,3.79,416,Français,False,Nuit,2023-03-26 06:51:04,6855.38,6120.64,True,Berline
77,2018-12-08 07:26:32,3.53,382,Italien,False,Matin,2023-10-22 08:34:11,1131.26,1010.01,False,Monospace
78,2019-09-28 15:09:16,2.76,377,Français,True,Soir,2023-12-16 14:25:17,10886.96,9720.12,True,Électrique
79,2018-08-21 18:45:38,1.82,350,Espagnol,True,Après-midi,2023-08-08 22:09:16,9464.88,8450.46,True,Monospace
80,2022-06-28 04:02:27,2.14,215,Espagnol,False,Nuit,2023-03-12 22:17:46,4066.32,3630.5,True,SUV
81,2018-02-23 11:56:05,2.75,202,Italien,True,Matin,2023-10-18 06:24:05,8384.97,7486.29,True,SUV
82,2021-11-04 20:17:37,2.56,30,Espagnol,True,Après-midi,2023-07-21 09:23:24,2317.54,2069.15,True,Berline
83,2019-12-31 17:16:40,4.62,199,Allemand,True,Nuit,2023-11-05 18:08:26,800.32,714.54,True,SUV
84,2021-01-04 01:39:12,3.95,443,Français,False,Matin,2023-02-14 02:08:41,9326.33,8326.76,True,Monospace
85,2022-03-20 21:33:24,3.3,103,Allemand,True,Soir,2023-10-15 08:53:43,5795.28,5174.16,True,SUV
86,2021-12-22 01:37:15,1.02,8,Allemand,False,Soir,2023-01-24 10:47:29,6583.9,5878.25,True,Compacte
87,2020-02-07 18:56:07,1.8,367,Allemand,True,Soir,2023-02-10 23:09:19,5549.55,4954.76,True,Électrique
88,2019-09-14 02:56:46,1.32,126,Espagnol,True,Après-midi,2023-09-20 11:00:13,627.63,560.36,True,Compacte
89,2019-11-03 23:58:09,4.01,122,Allemand,True,Soir,2023-05-25 05:14:30,9830.03,8776.47,True,Monospace
90,2019-04-12 00:19:30,2.47,0,Italien,False,Nuit,2023-05-28 13:17:55,1760.56,1571.87,True,SUV
91,2018-04-22 15:07:19,2.79,90,Allemand,True,Matin,2023-04-25 10:45:41,3831.89,3421.2,True,Électrique
92,2019-05-01 13:10:38,1.76,294,Italien,False,Matin,2023-03-16 12:40:38,7155.44,6388.54,True,SUV
93,2021-04-20 08:03:44,1.1,270,Espagnol,True,Matin,2023-07-08 10:57:11,5953.06,5315.03,True,Électrique
94,2019-10-22 18:14:33,2.34,381,Français,True,Nuit,2023-01-10 03:35:40,7410.44,6616.21,True,Monospace
95,2021-04-08 17:09:06,2.1,223,Espagnol,False,Nuit,2023-12-08 09:29:16,8852.3,7903.53,True,Compacte
96,2020-10-05 02:56:02,1.92,116,Espagnol,False,Après-midi,2023-07-30 05:28:05,1219.11,1088.45,True,Électrique
97,2022-01-10 20:44:01,1.05,56,Italien,True,Après-midi,2023-05-22 08:13:17,9337.56,8336.78,False,Berline
98,2022-05-22 08:44:10,1.88,346,Allemand,True,Matin,2023-11-29 01:50:40,9161.33,8179.44,True,Électrique
99,2019-06-04 22:49:35,1.38,496,Allemand,False,Après-midi,2023-07-17 13:29:56,7010.03,6258.71,True,Monospace
100,2021-07-31 18:28:30,3.78,234,Français,True,Soir,2023-02-15 00:48:52,7083.04,6323.9,True,Compacte
101,2020-11-30 13:09:56,3.11,489,Anglais,True,Matin,2023-03-28 23:04:09,8079.02,7213.13,True,Berline
102,2019-02-13 20:51:53,3.84,383,Anglais,True,Soir,2023-08-20 21:29:07,3955.84,3531.86,True,Monospace
103,2022-06-24 05:02:35,4.19,137,Allemand,True,Nuit,2023-06-10 10:58:19,5199.92,4642.61,True,Berline
104,2018-03-20 02:10:46,1.04,312,Allemand,True,Nuit,2023-10-23 22:51:12,379.09,338.46,True,Compacte
105,2020-02-27 02:40:34,2.61,28,Italien,True,Soir,2023-06-27 11:33:37,1609.86,1437.32,False,Compacte
106,2021-10-08 12:51:48,3.59,465,Espagnol,True,Matin,2023-03-04 19:38:07,5008.12,4471.36,True,Compacte
107,2019-12-28 17:19:59,1.12,353,Français,True,Après-midi,2023-07-01 05:51:42,4633.41,4136.81,True,SUV
108,2018-02-15 23:41:26,1.48,409,Italien,True,Matin,2023-11-06 20:19:26,10239.32,9141.9,True,Berline
109,2022-04-10 11:33:01,4.52,417,Allemand,True,Soir,2023-01-12 10:06:10,10997.57,9818.88,True,Monospace
110,2018-04-12 23:15:24,1.26,248,Italien,True,Après-midi,2023-09-02 20:04:55,609.65,544.31,True,SUV
111,2022-10-02 05:10:08,2.49,442,Allemand,True,Soir,2023-05-11 18:42:30,3226.74,2880.91,True,Électrique
112,2018-05-04 07:53:15,4.62,441,Allemand,True,Matin,2023-06-11 10:16:06,4059.31,3624.24,True,Monospace
113,2018-11-28 04:56:49,2.44,178,Italien,True,Soir,2023-08-16 10:03:57,184.08,164.35,True,Électrique
114,2021-10-15 17:06:58,3.93,49,Français,True,Matin,2023-09-27 09:47:44,10397.05,9282.72,True,SUV
115,2018-03-21 19:10:55,1.65,405,Anglais,True,Soir,2023-11-16 04:25:18,6379.72,5695.96,True,Berline
116,2022-01-10 02:45:14,2.02,403,Français,True,Matin,2023-06-25 04:09:45,1015.91,907.03,True,SUV
117,2018-07-01 22:27:13,2.1,383,Italien,True,Nuit,2023-08-24 02:39:24,9864.42,8807.18,True,Électrique
118,2020-01-31 11:05:11,1.57,87,Italien,True,Soir,2023-03-12 14:15:23,7929.1,7079.28,True,Monospace
119,2018-03-05 19:27:23,2.93,19,Anglais,True,Soir,2023-06-03 19:28:47,362.61,323.75,True,Électrique
120,2018-06-08 12:02:18,3.56,170,Italien,True,Nuit,2023-01-03 16:05:44,2748.09,2453.56,False,Monospace
121,2020-10-22 02:29:24,4.87,29,Italien,True,Soir,2023-02-12 16:57:06,10771.13,9616.71,True,Monospace
122,2022-05-17 13:08:58,1.94,361,Espagnol,True,Soir,2023-02-20 17:34:33,9211.81,8224.51,True,Monospace
123,2020-08-27 03:08:50,4.82,152,Anglais,True,Soir,2023-12-13 20:19:02,10510.49,9384.0,True,Berline
124,2020-08-25 11:25:14,4.58,345,Allemand,False,Soir,2023-12-30 01:55:58,10434.62,9316.26,True,Électrique
125,2021-05-20 00:04:36,2.46,345,Français,True,Nuit,2023-02-06 04:25:11,9155.94,8174.63,True,SUV
126,2020-02-23 11:27:01,2.32,76,Anglais,True,Nuit,2023-08-01 08:49:09,1586.46,1416.43,True,Berline
127,2021-12-05 09:27:44,3.39,63,Anglais,True,Soir,2023-03-06 22:16:56,5192.64,4636.11,True,Berline
128,2019-10-16 16:31:19,3.98,359,Allemand,True,Nuit,2023-05-07 11:50:06,10949.15,9775.65,True,SUV
129,2020-01-18 20:25:40,4.28,436,Anglais,True,Nuit,2023-05-24 07:06:05,1317.54,1176.33,True,SUV
130,2022-10-29 13:58:53,2.66,69,Anglais,True,Nuit,2023-11-04 03:17:38,2101.15,1875.95,True,Électrique
131,2018-04-18 14:32:11,2.17,277,Italien,True,Soir,2023-08-14 21:29:54,9646.26,8612.4,True,SUV
132,2022-07-02 01:31:36,2.34,121,Français,True,Soir,2023-09-18 21:18:42,7906.66,7059.24,True,Compacte
133,2020-02-10 10:37:54,3.23,450,Français,False,Soir,2023-04-17 11:09:36,3477.53,3104.82,True,Berline
134,2021-10-26 15:37:28,3.38,468,Anglais,True,Après-midi,2023-07-10 05:22:19,3746.1,3344.6,True,Compacte
135,2021-11-23 19:32:36,3.85,143,Allemand,True,Nuit,2023-08-01 23:21:24,996.21,889.44,True,SUV
136,2022-07-04 03:13:53,4.23,493,Français,True,Matin,2023-08-16 20:58:37,8689.46,7758.15,True,Monospace
137,2018-05-19 17:58:38,4.59,7,Allemand,True,Matin,2023-04-29 08:09:47,2482.87,2216.76,True,SUV
138,2022-01-17 17:19:36,4.07,348,Italien,True,Soir,2023-09-26 06:49:32,8151.56,7277.9,True,Berline
139,2022-11-07 04:06:18,3.98,159,Anglais,True,Soir,2023-12-22 11:25:28,1133.38,1011.91,True,Électrique
140,2019-08-06 12:09:36,2.24,215,Espagnol,True,Soir,2023-06-21 20:04:11,3661.67,3269.22,True,Électrique
141,2022-11-11 18:09:02,2.51,219,Français,True,Soir,2023-04-08 18:22:59,8495.8,7585.24,True,Monospace
142,2020-09-04 03:39:55,1.96,168,Allemand,True,Matin,2023-03-23 02:09:36,3481.79,3108.62,True,Monospace
143,2021-08-03 16:24:30,4.97,488,Allemand,False,Matin,2023-02-03 20:37:22,6553.51,5851.12,True,Compacte
144,2020-05-15 02:26:35,3.9,231,Français,True,Nuit,2023-01-17 11:18:45,6271.72,5599.53,True,Monospace
145,2022-05-12 14:07:37,3.02,70,Italien,True,Nuit,2023-06-27 13:12:42,4204.98,3754.3,False,Compacte
146,2020-03-06 19:59:29,4.31,369,Espagnol,True,Après-midi,2023-11-07 05:47:59,3438.26,3069.76,True,Compacte
147,2019-10-04 04:17:15,1.96,0,Allemand,True,Nuit,2023-10-27 02:26:15,4000.52,3571.75,True,Électrique
148,2019-02-03 14:25:50,2.94,92,Anglais,True,Matin,2023-04-14 17:01:33,7269.88,6490.71,True,SUV
149,2021-05-10 02:32:57,4.51,278,Allemand,True,Matin,2023-10-27 22:53:15,9352.05,8349.72,True,Monospace
150,2018-09-20 19:46:40,2.81,156,Français,True,Matin,2023-01-24 16:55:18,10081.32,9000.83,True,Électrique
151,2019-12-21 08:47:48,4.04,398,Anglais,True,Matin,2023-09-04 08:27:28,7657.23,6836.55,True,Monospace
152,2022-12-28 12:14:58,2.93,199,Italien,True,Matin,2023-01-04 21:55:55,10225.15,9129.24,True,Monospace
153,2020-10-07 23:17:41,2.99,127,Espagnol,True,Soir,2023-05-24 02:53:11,8742.96,7805.91,True,Berline
154,2018-10-01 19:14:58,4.2,135,Français,False,Matin,2023-12-03 05:48:38,9738.53,8694.78,True,Monospace
155,2018-02-17 14:40:17,2.47,275,Allemand,True,Nuit,2023-09-05 05:54:02,5876.22,5246.42,True,Compacte
156,2020-12-28 13:20:59,2.68,409,Anglais,False,Soir,2023-07-05 10:02:22,6366.24,5683.92,True,SUV
157,2018-09-19 22:00:25,1.4,105,Espagnol,True,Après-midi,2023-08-22 22:51:12,8852.81,7903.99,True,Berline
158,2022-06-15 07:32:33,4.45,257,Français,True,Matin,2023-03-30 10:36:51,8853.27,7904.4,True,Électrique
159,2021-01-16 11:52:59,4.37,225,Français,False,Matin,2023-03-05 14:21:21,6391.14,5706.15,True,Électrique
160,2022-11-07 03:02:11,1.14,409,Allemand,True,Nuit,2023-05-04 11:39:29,5580.84,4982.7,True,SUV
161,2021-12-03 14:26:28,3.49,388,Anglais,True,Nuit,2023-04-02 23:03:28,6467.78,5774.58,True,Berline
162,2021-06-30 20:27:42,3.22,39,Espagnol,False,Après-midi,2023-09-11 10:45:58,9978.88,8909.37,True,Compacte
163,2022-02-19 10:28:05,2.3,369,Français,False,Matin,2023-10-08 02:39:20,5886.4,5255.51,False,Électrique
164,2018-05-12 14:23:31,3.92,203,Italien,False,Soir,2023-01-02 15:34:54,1361.57,1215.64,True,SUV
165,2020-10-21 06:10:34,4.78,156,Espagnol,True,Soir,2023-12-22 19:01:46,3090.4,2759.18,True,Berline
166,2018-04-05 23:14:37,2.71,410,Italien,False,Soir,2023-12-31 06:45:14,4918.01,4390.91,False,Électrique
167,2021-02-05 04:35:46,2.85,278,Anglais,True,Nuit,2023-10-23 23:31:38,2760.1,2464.28,True,Électrique
168,2019-08-23 15:48:09,1.9,452,Italien,True,Soir,2023-04-27 15:15:41,1634.79,1459.58,True,Monospace
169,2021-02-17 00:46:11,1.6,213,Anglais,False,Matin,2023-07-19 04:59:46,4842.09,4323.13,True,Berline
170,2020-12-19 15:40:10,1.54,447,Anglais,True,Soir,2023-11-27 22:10:46,9716.07,8674.73,True,Berline
171,2022-08-07 06:16:48,1.51,118,Français,True,Nuit,2023-09-29 07:51:59,10617.96,9479.95,True,Monospace
172,2020-08-21 01:58:28,4.45,250,Anglais,True,Après-midi,2023-02-13 02:34:56,4550.64,4062.91,True,Berline
173,2020-01-23 20:18:09,4.19,306,Français,True,Nuit,2023-09-20 20:59:37,3619.17,3231.28,True,Berline
174,2021-05-04 21:22:25,2.66,123,Français,False,Nuit,2023-07-08 16:27:03,760.45,678.95,True,Électrique
175,2018-05-14 11:51:04,1.83,367,Anglais,True,Nuit,2023-05-17 12:49:23,1587.58,1417.43,True,Monospace
176,2019-07-20 16:29:03,4.03,97,Français,True,Soir,2023-08-29 00:33:43,10918.88,9748.62,True,Électrique
177,2020-11-21 03:04:37,4.33,42,Espagnol,False,Matin,2023-06-09 04:34:42,5919.43,5285.0,True,Compacte
178,2018-01-14 21:34:27,4.31,287,Espagnol,True,Nuit,2023-08-09 15:45:56,7654.51,6834.12,True,SUV
179,2021-03-25 07:37:06,2.29,201,Italien,False,Nuit,2023-07-17 05:49:52,10383.65,9270.76,True,Monospace
180,2022-08-28 17:54:04,3.33,84,Anglais,False,Soir,2023-05-31 14:55:30,7983.15,7127.54,True,Compacte
181,2020-06-17 11:01:38,3.46,99,Anglais,True,Nuit,2023-09-11 20:08:34,9472.32,8457.1,True,Berline
182,2018-01-17 10:07:56,2.02,381,Allemand,True,Nuit,2023-06-10 10:08:49,4073.72,3637.11,True,SUV
183,2020-08-26 02:32:44,3.02,191,Français,True,Matin,2023-10-25 07:03:44,7373.51,6583.24,True,Monospace
184,2020-06-09 03:33:13,4.22,250,Italien,True,Matin,2023-02-03 03:30:47,2878.65,2570.12,True,Compacte
185,2022-10-26 05:30:51,3.87,208,Français,True,Soir,2023-05-13 14:09:27,10942.35,9769.58,True,SUV
186,2018-06-20 15:49:21,2.41,157,Allemand,True,Matin,2023-01-16 23:55:05,8865.79,7915.58,True,Berline
187,2020-02-27 03:14:15,1.04,144,Allemand,True,Soir,2023-04-28 09:51:58,1661.38,1483.32,True,Berline
188,2020-10-08 20:09:04,1.36,356,Italien,True,Nuit,2023-05-09 13:59:13,2749.66,2454.96,False,Monospace
189,2020-06-30 03:55:27,2.17,317,Allemand,True,Matin,2023-05-09 05:48:56,7306.7,6523.59,True,Électrique
190,2021-08-29 18:10:20,1.89,344,Allemand,True,Nuit,2023-04-09 06:16:53,6572.96,5868.49,True,Monospace
191,2020-07-04 17:06:58,1.21,219,Allemand,True,Après-midi,2023-08-17 00:50:53,513.11,458.12,True,Électrique
192,2020-08-11 19:51:42,3.53,167,Français,False,Nuit,2023-08-31 06:35:16,2311.46,2063.72,True,Compacte
193,2021-06-05 06:02:50,2.71,479,Italien,True,Nuit,2023-09-02 03:03:33,9725.37,8683.03,True,Électrique
194,2018-04-20 20:25:11,4.28,147,Espagnol,True,Après-midi,2023-10-16 19:23:07,4182.41,3734.15,True,Berline
195,2019-05-11 16:28:26,2.91,152,Espagnol,False,Nuit,2023-11-01 20:53:50,3953.24,3529.54,True,Monospace
196,2020-05-27 16:40:10,1.9,122,Allemand,False,Nuit,2023-09-27 08:25:13,9530.82,8509.33,True,Électrique
197,2019-02-12 04:13:09,1.12,20,Italien,True,Matin,2023-02-04 17:44:28,8662.56,7734.13,True,Berline
198,2019-09-09 07:30:04,4.56,404,Anglais,True,Après-midi,2023-10-13 17:33:36,6722.22,6001.75,True,Compacte
199,2019-04-20 23:31:22,3.08,132,Français,True,Soir,2023-03-24 12:34:49,6477.23,5783.02,True,Berline
200,2021-02-25 08:56:58,2.13,267,Allemand,True,Matin,2023-06-13 11:07:32,5430.28,4848.28,True,SUV
201,2019-05-30 13:18:16,4.43,383,Espagnol,False,Après-midi,2023-12-25 05:39:41,2576.95,2300.76,True,Électrique
202,2022-03-07 20:02:48,1.61,223,Anglais,True,Matin,2023-02-01 03:52:07,8307.06,7416.73,True,SUV
203,2019-05-08 15:00:58,1.52,133,Français,True,Soir,2023-02-16 19:14:42,8742.4,7805.41,True,Berline
204,2020-08-04 20:56:10,2.27,259,Italien,False,Matin,2023-10-10 19:30:45,10900.23,9731.97,True,Monospace
205,2018-05-18 10:59:59,2.22,58,Anglais,True,Nuit,2023-07-20 00:39:09,6261.85,5590.72,True,Monospace
206,2020-09-01 10:31:07,3.62,21,Italien,True,Soir,2023-01-03 10:28:52,532.33,475.28,True,Électrique
207,2019-02-23 20:41:12,1.79,229,Anglais,True,Nuit,2023-11-24 14:56:10,8242.91,7359.46,True,Berline
208,2018-06-23 02:03:53,2.17,461,Espagnol,True,Soir,2023-06-22 17:58:36,975.48,870.93,True,Monospace
209,2022-03-16 02:13:09,3.71,417,Italien,True,Soir,2023-04-06 08:07:07,10634.8,9494.99,True,Électrique
210,2018-02-09 16:39:32,1.03,100,Espagnol,False,Soir,2023-02-25 19:56:54,5594.72,4995.09,True,Monospace
211,2022-08-20 02:45:20,1.71,395,Français,True,Soir,2023-06-11 14:52:29,6581.92,5876.49,True,Compacte
212,2019-04-04 09:43:10,4.24,4,Allemand,False,Matin,2023-08-06 15:38:06,10826.36,9666.02,False,Berline
213,2021-09-29 16:13:18,4.1,258,Espagnol,True,Matin,2023-03-08 05:15:30,9472.74,8457.48,True,SUV
214,2019-10-04 09:35:20,2.96,126,Allemand,True,Nuit,2023-11-16 18:21:09,682.08,608.98,True,SUV
215,2021-01-24 17:03:36,4.42,368,Italien,True,Nuit,2023-12-13 23:16:43,7830.59,6991.33,True,SUV
216,2019-05-19 16:53:20,4.88,316,Italien,False,Nuit,2023-04-24 07:15:49,10016.51,8942.97,True,Monospace
217,2021-04-04 01:18:05,3.14,274,Espagnol,False,Nuit,2023-08-15 13:02:39,1818.08,1623.22,True,Compacte
218,2019-12-16 06:16:25,1.7,265,Italien,True,Soir,2023-02-22 20:14:54,5491.0,4902.49,True,Berline
219,2018-02-21 02:07:39,4.13,376,Allemand,True,Nuit,2023-03-08 10:48:05,187.74,167.62,True,Électrique
220,2019-02-20 09:42:25,4.42,162,Anglais,True,Soir,2023-04-05 22:54:31,7723.3,6895.54,False,SUV
221,2018-04-24 18:43:11,2.44,57,Français,True,Après-midi,2023-10-20 18:03:07,4834.2,4316.08,True,SUV
222,2018-04-05 22:17:11,2.66,366,Italien,True,Soir,2023-03-07 01:27:29,8909.42,7954.53,True,Berline
223,2022-07-03 07:45:47,1.29,263,Anglais,True,Après-midi,2023-11-18 13:26:13,3738.94,3338.21,True,Berline
224,2021-01-02 08:12:15,4.5,273,Italien,True,Nuit,2023-01-02 07:46:48,5181.6,4626.25,True,Compacte
225,2020-05-08 09:52:36,1.21,110,Italien,True,Nuit,2023-02-13 03:40:49,6992.18,6242.78,True,Berline
226,2021-02-01 02:04:41,3.01,474,Anglais,True,Soir,2023-11-19 15:31:12,10949.17,9775.67,True,Électrique
227,2018-01-08 20:41:52,1.04,278,Allemand,True,Nuit,2023-01-22 01:21:15,2423.27,2163.55,False,Compacte
228,2018-05-05 14:56:51,3.81,426,Anglais,True,Après-midi,2023-11-16 11:56:32,10380.32,9267.78,True,Électrique
229,2022-08-23 00:02:07,3.23,133,Français,True,Après-midi,2023-03-06 22:55:14,6097.51,5443.99,True,Berline
230,2018-10-19 18:26:30,3.11,141,Anglais,True,Après-midi,2023-01-20 18:03:59,9387.97,8381.79,True,Électrique
231,2022-02-11 07:52:43,2.72,351,Italien,True,Soir,2023-01-22 00:01:01,4708.3,4203.68,True,Électrique
232,2022-10-16 07:40:21,2.8,187,Français,True,Nuit,2023-01-04 11:43:43,1691.81,1510.49,True,Monospace
233,2022-01-20 20:29:08,3.13,427,Français,True,Matin,2023-09-14 02:37:45,10208.98,9114.81,True,Compacte
234,2019-09-25 17:49:48,2.27,125,Anglais,True,Soir,2023-07-21 06:46:17,1400.78,1250.65,True,Monospace
235,2019-08-21 07:06:08,1.39,139,Français,True,Après-midi,2023-05-10 01:42:15,2055.9,1835.55,False,SUV
236,2018-11-26 20:23:40,1.0,332,Allemand,True,Après-midi,2023-10-21 06:54:43,9027.34,8059.81,True,Monospace
237,2018-01-11 08:42:50,2.03,153,Français,True,Soir,2023-03-02 01:37:46,10386.24,9273.07,True,Compacte
238,2020-05-06 16:33:08,3.57,422,Anglais,False,Matin,2023-05-16 05:15:22,10552.77,9421.75,True,Électrique
239,2021-05-11 23:26:34,2.41,117,Espagnol,True,Nuit,2023-04-10 19:55:47,9747.96,8703.2,True,Berline
240,2019-05-16 02:09:59,1.27,32,Allemand,True,Matin,2023-07-18 23:51:06,10563.95,9431.73,True,Compacte
241,2018-06-17 07:51:44,3.31,401,Français,True,Soir,2023-10-20 18:58:59,4245.29,3790.29,True,Berline
242,2021-01-01 09:20:07,1.16,361,Italien,True,Matin,2023-11-21 21:06:11,3741.58,3340.57,True,Électrique
243,2021-11-05 12:54:34,4.95,333,Italien,True,Après-midi,2023-09-06 03:14:01,10837.2,9675.7,True,Monospace
244,2018-03-03 11:13:53,3.89,331,Espagnol,False,Matin,2023-10-06 04:46:51,367.82,328.4,True,Monospace
245,2018-01-17 20:44:28,2.97,18,Français,True,Soir,2023-06-30 13:47:10,5119.17,4570.51,True,Berline
246,2019-09-24 06:25:47,1.17,457,Français,True,Soir,2023-02-23 07:39:51,6366.54,5684.19,True,Compacte
247,2021-07-06 20:23:58,1.24,12,Anglais,True,Après-midi,2023-12-22 20:37:08,8712.66,7778.86,True,Monospace
248,2018-06-03 09:32:13,4.31,317,Italien,False,Matin,2023-10-14 03:11:33,9190.15,8205.17,True,SUV
249,2020-01-07 09:09:24,4.52,457,Allemand,True,Matin,2023-01-31 18:38:42,915.28,817.18,True,SUV
250,2018-07-17 18:12:19,2.46,268,Allemand,True,Après-midi,2023-09-24 19:42:06,2171.61,1938.86,True,Monospace
251,2022-12-04 22:28:31,2.68,165,Espagnol,True,Après-midi,2023-12-10 22:55:07,10904.77,9736.02,True,Électrique
252,2020-05-28 08:02:22,1.41,387,Anglais,False,Matin,2023-12-12 17:21:17,9772.91,8725.47,True,SUV
253,2019-07-14 01:34:46,2.36,210,Allemand,True,Soir,2023-06-22 19:12:50,6701.87,5983.58,True,Monospace
254,2020-08-08 02:57:40,1.52,488,Français,True,Après-midi,2023-07-29 18:26:17,3186.85,2845.29,True,Compacte
255,2018-11-03 15:24:08,3.08,389,Espagnol,True,Nuit,2023-06-27 23:28:50,5794.48,5173.44,True,Berline
256,2019-07-01 03:02:29,3.68,263,Anglais,True,Soir,2023-03-19 15:50:38,8622.34,7698.22,True,Monospace
257,2019-03-16 06:26:24,2.64,384,Français,True,Après-midi,2023-07-21 13:15:30,1943.92,1735.58,True,Berline
258,2020-01-20 18:52:37,3.5,144,Anglais,True,Nuit,2023-01-19 22:35:46,7436.25,6639.25,True,Électrique
259,2021-12-27 07:56:49,2.57,154,Espagnol,True,Nuit,2023-07-01 20:21:48,8826.65,7880.63,True,Électrique
260,2020-03-03 10:33:33,2.24,3,Italien,False,Nuit,2023-06-13 16:35:37,6927.17,6184.73,True,Électrique
261,2019-08-17 16:38:45,4.48,168,Anglais,True,Après-midi,2023-09-07 14:57:43,9332.26,8332.05,True,SUV
262,2018-09-04 01:44:24,3.67,66,Italien,True,Après-midi,2023-01-20 06:55:23,1611.19,1438.51,True,SUV
263,2022-05-31 12:28:47,2.02,102,Allemand,True,Matin,2023-01-13 05:03:33,6125.37,5468.87,True,Berline
264,2021-03-28 15:48:38,2.12,490,Anglais,True,Après-midi,2023-04-29 04:41:15,1426.74,1273.83,True,Monospace
265,2018-05-05 21:13:47,2.82,142,Allemand,False,Soir,2023-06-18 11:45:49,9779.75,8731.58,True,Berline
266,2021-02-04 10:48:55,1.21,281,Italien,False,Soir,2023-09-13 07:00:44,3839.83,3428.29,True,Compacte
267,2020-09-22 05:21:27,2.32,195,Italien,False,Après-midi,2023-10-08 01:46:34,9005.19,8040.04,True,Monospace
268,2022-03-27 23:54:53,2.3,25,Espagnol,True,Matin,2023-02-04 11:00:30,11071.06,9884.49,True,Berline
269,2018-12-23 03:58:48,4.91,210,Italien,False,Matin,2023-02-09 07:37:55,3277.36,2926.1,True,Monospace
270,2019-04-22 05:55:53,3.71,135,Anglais,True,Matin,2023-05-29 08:19:01,4680.61,4178.95,True,Compacte
271,2020-08-13 06:32:45,2.68,175,Allemand,True,Matin,2023-06-07 08:29:41,8465.21,7557.93,True,Berline
272,2018-12-17 23:43:34,1.64,162,Espagnol,True,Nuit,2023-03-12 11:32:32,10595.61,9460.0,True,Compacte
273,2019-09-06 16:08:19,3.66,223,Français,True,Après-midi,2023-02-04 21:41:37,6627.42,5917.11,True,Électrique
274,2021-07-19 16:51:35,2.88,158,Espagnol,True,Soir,2023-08-15 13:08:26,2984.1,2664.27,False,Monospace
275,2022-12-20 13:21:20,1.07,405,Allemand,True,Nuit,2023-08-02 08:29:16,1739.0,1552.62,True,Compacte
276,2021-11-17 18:44:19,2.91,477,Italien,True,Après-midi,2023-08-10 10:07:42,4457.71,3979.94,True,Monospace
277,2022-09-17 21:42:52,1.72,110,Espagnol,False,Soir,2023-10-22 16:35:36,8145.18,7272.2,True,SUV
278,2022-05-28 15:05:11,1.15,253,Allemand,True,Nuit,2023-09-16 11:04:15,2164.07,1932.13,True,Compacte
279,2021-06-26 15:59:50,2.68,387,Français,False,Après-midi,2023-01-09 21:16:56,5646.63,5041.44,True,Compacte
280,2019-10-09 23:26:26,2.89,436,Espagnol,True,Matin,2023-03-16 00:51:35,2017.92,1801.64,True,Compacte
281,2021-11-27 10:44:48,2.99,277,Espagnol,True,Soir,2023-08-18 18:40:55,7636.62,6818.15,True,Électrique
282,2018-05-30 01:42:26,1.08,189,Italien,False,Nuit,2023-12-05 04:53:01,5497.77,4908.53,True,SUV
283,2022-05-21 19:25:50,1.4,469,Anglais,True,Nuit,2023-09-12 20:57:07,5201.77,4644.26,True,Berline
284,2020-04-13 02:51:59,3.99,85,Italien,True,Matin,2023-03-19 23:24:36,3659.04,3266.87,True,Monospace
285,2018-03-24 13:15:47,4.56,447,Allemand,True,Soir,2023-06-29 22:41:17,6841.82,6108.53,True,SUV
286,2022-03-10 06:32:11,1.62,66,Espagnol,True,Soir,2023-06-14 23:39:36,4514.83,4030.94,True,Électrique
287,2021-04-23 16:55:07,1.6,9,Espagnol,True,Matin,2023-08-08 15:20:44,7727.74,6899.5,True,SUV
288,2020-06-23 12:22:18,1.98,169,Espagnol,True,Après-midi,2023-02-14 04:31:24,315.02,281.26,True,Électrique
289,2022-04-11 18:19:04,2.9,209,Français,False,Nuit,2023-01-11 12:13:56,7355.24,6566.92,True,SUV
290,2020-12-31 10:19:20,1.82,168,Espagnol,False,Matin,2023-10-05 10:12:31,5759.77,5142.45,True,Électrique
291,2022-01-06 12:19:22,2.2,428,Allemand,True,Après-midi,2023-12-05 09:14:28,10821.13,9661.35,True,Berline
292,2018-04-21 19:02:26,4.83,242,Anglais,True,Soir,2023-01-22 17:56:19,6385.32,5700.96,True,Berline
293,2018-05-26 23:00:49,4.88,420,Français,True,Matin,2023-01-28 09:41:27,4499.12,4016.92,True,Berline
294,2020-12-27 05:10:47,2.07,316,Allemand,True,Après-midi,2023-07-18 15:00:13,5784.93,5164.92,True,Monospace
295,2022-11-28 02:40:46,1.13,96,Français,True,Soir,2023-12-29 06:04:03,2805.12,2504.47,True,Électrique
296,2019-03-17 13:00:34,3.45,371,Italien,True,Soir,2023-08-21 18:34:08,11199.4,9999.08,True,Compacte
297,2020-07-19 11:39:09,1.41,489,Allemand,True,Soir,2023-06-26 06:42:56,1445.86,1290.9,True,Monospace
298,2018-11-12 23:18:23,4.04,69,Anglais,True,Après-midi,2023-11-10 15:58:14,3217.48,2872.64,True,Monospace
299,2020-07-24 11:22:04,4.41,168,Allemand,True,Soir,2023-04-03 02:00:44,8602.43,7680.44,True,Compacte
300,2022-12-27 22:56:30,4.7,383,Italien,True,Nuit,2023-04-19 03:34:35,462.44,412.88,True,SUV
301,2018-01-12 21:09:09,1.7,386,Français,True,Nuit,2023-05-27 05:17:22,3310.93,2956.07,True,Électrique
302,2018-07-05 22:00:24,1.59,159,Français,True,Matin,2023-09-20 12:25:36,4216.89,3764.93,True,Électrique
303,2022-04-16 02:35:12,2.64,133,Espagnol,True,Soir,2023-08-21 06:13:39,786.42,702.13,True,SUV
304,2020-06-11 07:38:00,4.02,186,Italien,True,Après-midi,2023-03-15 12:53:30,8899.93,7946.06,True,Monospace
305,2022-12-26 03:42:23,3.23,125,Allemand,True,Nuit,2023-07-28 14:40:48,2677.92,2390.91,True,Berline
306,2018-03-14 03:37:02,4.38,146,Anglais,True,Soir,2023-09-17 22:25:59,7193.17,6422.22,True,Monospace
307,2022-02-19 18:06:35,2.79,363,Français,True,Nuit,2023-01-07 08:51:47,1244.76,1111.35,True,Électrique
308,2019-12-13 16:35:49,1.92,397,Italien,False,Matin,2023-09-01 03:14:03,9190.87,8205.82,False,Berline
309,2018-02-28 20:17:07,4.64,336,Anglais,True,Soir,2023-12-28 04:36:04,5917.91,5283.64,True,Compacte
310,2018-02-26 09:58:03,2.73,28,Français,True,Soir,2023-11-23 07:48:02,7223.54,6449.34,True,Électrique
311,2018-10-03 07:24:03,4.8,453,Français,True,Soir,2023-09-06 03:34:59,1838.0,1641.01,True,Monospace
312,2018-04-03 16:59:21,2.15,392,Allemand,True,Nuit,2023-06-07 16:08:45,5512.53,4921.71,True,Électrique
313,2021-10-05 15:50:16,4.01,445,Italien,True,Matin,2023-12-13 06:54:45,1853.5,1654.85,True,SUV
314,2018-05-07 08:50:04,3.56,325,Italien,False,Nuit,2023-08-20 06:00:18,7818.73,6980.74,True,Compacte
315,2019-01-02 05:14:29,4.67,304,Anglais,True,Nuit,2023-11-12 06:51:00,5379.52,4802.96,True,Électrique
316,2018-05-23 02:31:28,3.09,422,Anglais,True,Nuit,2023-04-12 01:09:38,5581.71,4983.48,True,Berline
317,2021-10-05 04:30:33,2.13,89,Anglais,True,Matin,2023-03-24 03:32:27,9774.59,8726.97,True,Monospace
318,2019-02-06 19:55:11,1.47,355,Espagnol,True,Soir,2023-03-23 07:41:02,6681.15,5965.08,True,Berline
319,2018-04-25 14:17:04,1.16,299,Anglais,True,Soir,2023-05-23 18:17:44,10958.26,9783.78,True,Monospace
320,2022-12-04 15:48:42,4.78,177,Espagnol,False,Matin,2023-07-02 08:55:13,9717.14,8675.68,True,Berline
321,2022-10-10 16:16:57,2.98,402,Italien,True,Matin,2023-10-13 22:52:05,8044.55,7182.36,True,Compacte
322,2019-11-30 22:03:34,4.47,12,Espagnol,True,Après-midi,2023-05-14 07:49:48,2905.17,2593.8,True,Électrique
323,2018-08-16 07:16:14,2.72,360,Italien,True,Soir,2023-08-14 03:35:48,10193.87,9101.32,True,Monospace
324,2021-03-27 11:59:39,3.33,285,Espagnol,True,Matin,2023-10-15 21:02:43,10431.57,9313.54,True,Berline
325,2019-07-19 12:15:03,1.09,310,Français,True,Matin,2023-10-27 06:09:39,3313.17,2958.07,True,Berline
326,2021-12-03 06:32:51,4.67,36,Italien,True,Matin,2023-10-21 14:08:43,3302.38,2948.44,True,Berline
327,2021-10-05 04:58:46,2.84,37,Français,True,Matin,2023-10-02 06:08:49,8843.66,7895.82,True,Électrique
328,2019-08-11 07:06:08,2.73,98,Allemand,True,Nuit,2023-07-23 17:11:54,4583.56,4092.31,True,Monospace
329,2022-12-25 03:21:46,3.37,60,Italien,True,Après-midi,2023-12-25 08:06:33,7254.34,6476.84,True,Compacte
330,2018-11-30 07:42:13,4.63,264,Italien,True,Matin,2023-04-13 08:35:19,8923.14,7966.78,True,Compacte
331,2018-09-03 12:19:58,4.02,80,Français,True,Après-midi,2023-03-22 21:41:03,2525.28,2254.63,True,SUV
332,2021-12-19 18:01:47,2.13,218,Français,True,Matin,2023-11-03 12:56:56,7388.09,6596.25,True,Berline
333,2018-04-09 11:07:10,2.92,216,Allemand,False,Matin,2023-01-20 15:08:11,1448.36,1293.13,True,Berline
334,2022-08-20 13:53:16,4.29,158,Espagnol,True,Matin,2023-09-12 04:54:27,8805.99,7862.19,True,Berline
335,2019-05-15 00:10:43,1.91,334,Italien,False,Matin,2023-07-11 04:47:50,2267.99,2024.91,True,SUV
336,2019-09-02 15:52:48,4.88,293,Français,True,Soir,2023-04-14 18:36:38,486.22,434.11,True,Berline
337,2022-05-02 15:47:13,2.76,400,Anglais,True,Nuit,2023-11-14 01:40:02,4996.5,4460.99,True,SUV
338,2019-02-07 03:07:51,4.16,80,Français,True,Nuit,2023-09-25 05:19:38,11082.57,9894.77,True,Berline
339,2020-07-19 09:15:59,3.97,483,Italien,False,Nuit,2023-05-30 07:58:57,6116.05,5460.55,True,Monospace
340,2020-06-07 00:28:33,2.36,438,Français,True,Soir,2023-07-14 23:36:40,5571.06,4973.97,True,Compacte
341,2020-12-19 11:59:00,4.92,338,Allemand,True,Soir,2023-03-15 00:36:54,7200.03,6428.35,False,Électrique
342,2022-04-14 23:30:52,2.01,181,Italien,True,Après-midi,2023-06-30 14:45:53,2110.73,1884.51,True,Électrique
343,2020-12-30 19:36:06,3.14,379,Anglais,True,Soir,2023-07-11 16:11:31,8032.58,7171.67,True,Compacte
344,2019-01-28 03:46:39,4.29,244,Allemand,False,Après-midi,2023-09-01 10:05:49,7963.7,7110.17,True,Berline
345,2018-09-17 13:07:55,2.86,15,Italien,True,Nuit,2023-10-29 10:01:14,7614.32,6798.24,True,Berline
346,2020-02-12 02:33:17,3.14,41,Allemand,True,Matin,2023-10-07 12:01:01,5871.76,5242.44,True,Berline
347,2020-06-18 05:44:34,4.21,159,Italien,False,Matin,2023-11-07 06:00:41,7488.2,6685.63,True,SUV
348,2021-05-07 12:25:29,3.75,446,Anglais,True,Matin,2023-03-01 14:05:31,4891.64,4367.37,True,Monospace
349,2021-07-07 11:50:38,3.02,338,Espagnol,True,Soir,2023-03-22 18:10:47,9049.5,8079.6,False,Berline
350,2020-04-16 21:52:05,3.48,52,Français,True,Soir,2023-11-21 05:35:13,1175.61,1049.61,True,Monospace
351,2019-06-28 16:16:50,4.41,216,Italien,True,Soir,2023-11-13 19:24:57,1305.6,1165.67,True,SUV
352,2022-03-20 17:51:08,2.37,255,Espagnol,False,Matin,2023-06-27 05:47:48,8635.62,7710.08,True,Compacte
353,2018-07-15 17:32:20,1.17,9,Anglais,True,Soir,2023-02-01 19:04:02,3130.8,2795.25,True,SUV
354,2021-07-06 20:49:22,1.43,186,Italien,True,Après-midi,2023-02-28 11:42:33,9870.89,8812.95,True,SUV
355,2019-10-19 21:54:19,2.76,321,Allemand,True,Soir,2023-01-20 11:12:16,8583.42,7663.47,True,Compacte
356,2020-11-30 13:07:51,3.59,316,Italien,True,Nuit,2023-10-28 02:56:26,6727.16,6006.16,True,Compacte
357,2019-09-24 17:21:41,4.46,179,Anglais,True,Nuit,2023-09-17 22:51:36,5256.86,4693.44,True,SUV
358,2018-01-14 10:49:11,3.64,207,Anglais,True,Nuit,2023-09-15 23:51:49,10965.81,9790.52,False,Électrique
359,2019-09-07 05:47:29,1.51,390,Français,True,Soir,2023-09-23 21:35:24,6241.08,5572.18,True,Compacte
360,2019-11-09 22:58:02,1.18,37,Anglais,False,Matin,2023-04-11 01:38:15,6744.49,6021.63,True,Berline
361,2021-10-17 18:13:10,2.62,86,Allemand,True,Matin,2023-11-13 08:46:02,5036.44,4496.65,False,SUV
362,2022-02-14 04:24:07,2.59,186,Français,True,Matin,2023-08-29 06:50:40,7538.21,6730.28,True,Électrique
363,2020-07-16 01:32:46,1.37,171,Allemand,True,Soir,2023-01-25 10:22:21,11110.3,9919.53,True,Électrique
364,2021-03-06 08:55:34,1.11,296,Espagnol,True,Nuit,2023-02-27 07:24:27,4518.56,4034.27,True,Compacte
365,2019-10-19 12:27:43,3.72,180,Anglais,True,Nuit,2023-09-08 07:16:17,4054.78,3620.2,True,Électrique
366,2021-05-16 19:03:48,1.88,401,Allemand,True,Soir,2023-02-03 15:29:33,10667.81,9524.46,True,Électrique
367,2020-09-14 16:24:20,2.94,270,Anglais,False,Soir,2023-06-06 17:56:35,7261.94,6483.62,False,Monospace
368,2021-10-21 18:17:12,1.19,310,Français,True,Nuit,2023-06-04 16:23:44,11185.43,9986.6,True,Électrique
369,2018-12-14 18:37:36,1.26,479,Français,True,Nuit,2023-06-01 07:11:12,5534.46,4941.29,True,Compacte
370,2018-09-06 15:03:00,1.65,154,Italien,True,Après-midi,2023-08-31 10:23:40,5760.72,5143.3,True,Électrique
371,2020-03-01 09:46:16,2.08,107,Italien,True,Soir,2023-07-11 07:25:27,4500.23,4017.91,True,Berline
372,2018-03-12 00:38:16,3.33,418,Anglais,True,Matin,2023-10-18 09:55:15,8533.95,7619.3,True,Monospace
373,2022-10-11 10:04:53,4.91,222,Espagnol,True,Après-midi,2023-04-06 11:09:48,7000.5,6250.2,True,Compacte
374,2021-06-06 13:22:35,3.05,486,Allemand,True,Soir,2023-05-10 09:12:09,8262.82,7377.23,True,Électrique
375,2020-08-17 07:08:01,2.53,318,Français,True,Après-midi,2023-03-07 10:54:18,10565.48,9433.1,True,SUV
376,2022-11-08 18:56:58,4.31,353,Allemand,True,Soir,2023-10-28 13:34:42,1800.27,1607.32,True,SUV
377,2020-06-14 16:47:24,2.61,425,Italien,True,Matin,2023-08-19 10:15:07,1139.07,1016.99,True,Compacte
378,2018-08-05 12:21:07,3.64,467,Français,False,Nuit,2023-12-14 09:19:06,8419.51,7517.13,True,Électrique
379,2022-10-01 04:11:33,1.99,125,Allemand,True,Soir,2023-04-24 23:36:38,6322.49,5644.86,True,Berline
380,2022-10-20 04:52:43,4.4,381,Espagnol,False,Nuit,2023-05-09 18:59:57,2339.02,2088.33,True,Monospace
381,2019-02-14 14:50:30,1.13,95,Espagnol,True,Soir,2023-05-28 19:43:45,8239.63,7356.53,False,Berline
382,2022-07-07 06:16:08,2.47,287,Allemand,True,Nuit,2023-12-17 06:41:57,1680.07,1500.0,True,SUV
383,2019-05-01 05:36:27,3.69,34,Français,True,Après-midi,2023-10-18 04:26:44,5346.29,4773.29,True,Berline
384,2020-01-28 08:03:49,4.66,35,Espagnol,False,Soir,2023-08-07 14:24:26,2007.2,1792.07,True,Compacte
385,2018-03-14 13:48:13,2.3,234,Anglais,True,Nuit,2023-10-31 16:02:18,6249.63,5579.81,True,Électrique
386,2018-12-14 11:08:45,4.56,104,Français,False,Soir,2023-08-12 08:35:13,9133.64,8154.72,True,Compacte
387,2019-11-12 10:11:55,3.06,469,Espagnol,True,Après-midi,2023-10-08 11:08:29,6121.17,5465.12,True,Berline
388,2022-05-17 20:12:24,1.11,383,Français,True,Nuit,2023-06-13 19:02:20,9175.7,8192.27,True,Compacte
389,2022-09-13 10:29:43,4.37,426,Anglais,True,Après-midi,2023-07-10 09:04:31,3540.68,3161.2,True,SUV
390,2020-05-04 15:16:02,1.9,74,Italien,True,Après-midi,2023-11-24 11:07:09,3760.96,3357.87,True,Monospace
391,2018-11-06 18:38:34,2.9,50,Espagnol,False,Matin,2023-03-11 01:57:02,355.59,317.48,True,SUV
392,2018-09-04 18:22:45,3.77,224,Français,True,Matin,2023-04-19 02:04:28,3064.82,2736.34,True,SUV
393,2019-04-19 21:04:06,1.88,128,Anglais,False,Après-midi,2023-08-03 12:14:00,11093.6,9904.62,True,Compacte
394,2018-07-21 04:43:33,4.68,144,Français,True,Après-midi,2023-12-02 17:50:31,8119.89,7249.62,True,Électrique
395,2021-04-02 02:39:16,2.63,436,Italien,True,Matin,2023-05-06 07:30:13,10032.81,8957.52,True,Monospace
396,2019-12-28 03:07:18,4.75,260,Italien,False,Soir,2023-11-23 15:53:05,1155.07,1031.27,True,SUV
397,2019-09-11 17:56:09,2.32,117,Italien,True,Après-midi,2023-11-02 00:55:08,3365.92,3005.17,True,Électrique
398,2018-01-31 12:10:39,1.23,375,Anglais,True,Soir,2023-06-01 04:01:10,1168.44,1043.21,True,Berline
399,2019-10-29 18:35:44,2.17,108,Anglais,True,Matin,2023-12-17 22:53:32,2062.18,1841.16,True,Monospace
400,2018-03-17 17:03:16,3.77,243,Italien,False,Après-midi,2023-04-23 18:53:27,3924.17,3503.59,True,Compacte
401,2020-09-28 18:19:44,4.07,478,Allemand,False,Nuit,2023-07-22 20:53:58,1205.69,1076.47,True,Électrique
402,2020-05-20 10:15:57,3.68,5,Italien,True,Nuit,2023-04-30 01:00:00,3295.16,2941.99,False,Compacte
403,2021-04-28 00:16:40,4.26,401,Allemand,False,Après-midi,2023-12-07 20:37:47,9885.82,8826.28,True,Berline
404,2021-03-17 22:18:42,1.85,36,Anglais,True,Après-midi,2023-08-17 17:09:42,966.83,863.21,True,Compacte
405,2021-04-13 02:59:41,2.85,4,Français,False,Nuit,2023-10-23 15:31:52,10988.79,9811.04,True,Électrique
406,2021-07-05 12:19:04,1.35,310,Anglais,False,Nuit,2023-03-18 05:42:16,2533.92,2262.34,True,Berline
407,2018-12-23 13:18:35,2.35,475,Allemand,False,Matin,2023-01-21 07:57:06,1637.49,1461.99,True,SUV
408,2020-11-07 04:16:37,1.13,15,Espagnol,True,Soir,2023-12-19 09:24:03,9355.03,8352.38,True,SUV
409,2018-10-30 04:20:49,3.58,237,Italien,True,Matin,2023-05-13 18:31:35,6628.8,5918.34,True,Monospace
410,2021-10-26 17:58:43,1.92,145,Anglais,True,Nuit,2023-10-15 17:41:53,3482.48,3109.24,True,SUV
411,2018-04-22 06:48:59,3.22,207,Allemand,True,Après-midi,2023-05-30 12:05:05,7229.29,6454.47,True,Berline
412,2022-04-10 19:10:43,3.83,119,Italien,True,Soir,2023-11-20 04:37:03,10622.23,9483.77,True,Compacte
413,2019-01-07 16:27:49,1.92,367,Italien,True,Après-midi,2023-11-03 20:26:03,10647.44,9506.27,True,Monospace
414,2020-05-31 05:15:56,4.08,310,Allemand,True,Matin,2023-04-15 07:53:55,10087.02,9005.92,True,Compacte
415,2021-01-06 09:51:32,4.13,358,Espagnol,True,Nuit,2023-05-18 14:34:20,8615.5,7692.11,True,Électrique
416,2019-04-15 07:53:10,3.57,406,Allemand,True,Matin,2023-11-18 03:55:06,6512.01,5814.07,True,Berline
417,2020-07-22 18:53:54,4.49,451,Anglais,True,Matin,2023-08-03 02:58:10,9570.29,8544.57,True,Compacte
418,2021-02-20 23:20:25,4.89,465,Allemand,True,Matin,2023-06-07 09:10:23,8130.43,7259.03,True,Monospace
419,2021-10-22 06:59:31,1.94,13,Allemand,True,Soir,2023-08-04 10:46:35,4793.68,4279.91,True,SUV
420,2020-11-21 12:52:03,2.42,456,Français,True,Après-midi,2023-06-13 02:52:04,472.82,422.14,True,SUV
421,2022-12-31 17:04:11,3.28,322,Français,True,Matin,2023-12-16 21:09:43,8744.67,7807.44,True,Compacte
422,2020-08-08 06:06:39,3.6,226,Anglais,True,Après-midi,2023-04-26 12:37:48,9330.36,8330.36,True,SUV
423,2020-01-06 11:56:44,4.14,345,Anglais,True,Matin,2023-08-02 10:48:21,2876.72,2568.4,False,SUV
424,2020-09-21 05:36:29,3.54,217,Français,True,Soir,2023-06-09 03:39:02,5644.27,5039.33,True,Compacte
425,2020-09-18 14:01:02,2.93,23,Allemand,True,Soir,2023-09-08 23:17:30,5993.79,5351.39,True,Électrique
426,2019-07-12 01:00:36,2.17,397,Français,True,Nuit,2023-10-28 05:01:02,6682.45,5966.24,True,Électrique
427,2022-04-29 07:31:01,3.54,428,Italien,True,Nuit,2023-08-07 17:24:02,3137.59,2801.31,True,Monospace
428,2019-10-13 02:04:44,1.47,17,Espagnol,True,Nuit,2023-04-13 23:21:01,4866.19,4344.64,True,SUV
429,2019-03-24 04:09:31,1.87,443,Italien,True,Après-midi,2023-07-19 11:40:10,5446.05,4862.36,True,SUV
430,2021-07-20 16:00:27,3.51,217,Espagnol,True,Matin,2023-01-16 21:22:45,9672.1,8635.47,True,SUV
431,2019-07-19 19:36:26,1.7,380,Français,True,Nuit,2023-08-07 03:49:18,928.16,828.68,True,SUV
432,2021-01-10 18:17:51,2.06,376,Allemand,True,Matin,2023-02-14 07:50:42,339.53,303.14,True,Électrique
433,2018-12-18 02:51:33,3.18,109,Espagnol,True,Nuit,2023-10-14 19:38:37,709.2,633.19,True,SUV
434,2022-05-16 11:06:39,1.39,332,Espagnol,False,Nuit,2023-07-14 13:08:26,9277.99,8283.6,True,Compacte
435,2018-06-30 05:38:21,4.68,238,Italien,False,Après-midi,2023-11-08 15:33:35,8226.58,7344.88,True,Électrique
436,2021-06-12 18:27:50,2.22,219,Espagnol,False,Soir,2023-10-07 02:11:36,5340.47,4768.09,True,Électrique
437,2022-06-25 08:38:20,3.2,386,Espagnol,True,Matin,2023-01-29 06:10:21,8647.99,7721.12,True,Berline
438,2021-05-23 13:20:01,3.61,203,Italien,False,Soir,2023-04-05 20:00:51,1447.24,1292.13,True,Électrique
439,2020-03-06 20:41:42,4.8,7,Italien,False,Après-midi,2023-08-08 15:10:13,8878.6,7927.01,True,Berline
440,2021-07-18 12:28:19,1.41,61,Français,True,Soir,2023-05-30 08:57:05,10323.94,9217.45,True,SUV
441,2022-08-02 06:13:02,3.28,422,Français,True,Après-midi,2023-05-15 20:55:25,6272.69,5600.4,True,Électrique
442,2020-09-17 07:03:37,4.34,473,Anglais,True,Soir,2023-12-19 11:39:56,9966.01,8897.88,True,Électrique
443,2020-02-08 00:53:54,4.12,42,Espagnol,False,Après-midi,2023-03-15 03:48:40,2262.34,2019.87,True,Électrique
444,2019-09-11 02:48:51,4.97,495,Italien,True,Après-midi,2023-08-12 08:25:14,9589.62,8561.83,True,SUV
445,2020-06-29 13:30:03,4.91,358,Anglais,False,Matin,2023-05-01 15:09:20,8846.57,7898.42,True,SUV
446,2021-02-05 06:45:23,3.7,405,Allemand,False,Nuit,2023-05-19 21:49:35,326.56,291.56,True,Berline
447,2021-12-23 19:34:49,2.38,365,Italien,True,Soir,2023-03-03 10:50:05,8385.63,7486.88,True,Monospace
448,2020-01-29 14:47:18,2.22,124,Italien,False,Après-midi,2023-12-31 08:44:20,589.48,526.3,True,Compacte
449,2020-06-04 03:03:25,2.6,180,Italien,True,Après-midi,2023-02-07 10:08:27,8791.77,7849.49,True,Compacte
450,2022-07-13 06:44:12,4.4,447,Français,True,Matin,2023-08-22 03:13:25,2427.74,2167.54,False,SUV
451,2020-06-04 16:55:59,4.62,414,Allemand,False,Soir,2023-05-14 04:43:55,4227.18,3774.12,True,Compacte
452,2019-04-17 16:50:29,4.9,55,Français,True,Soir,2023-06-03 02:51:13,3011.56,2688.79,True,Électrique
453,2019-11-01 04:09:05,4.83,261,Espagnol,True,Soir,2023-10-25 22:39:12,8331.2,7438.28,True,Monospace
454,2022-05-02 05:50:31,2.31,62,Allemand,True,Nuit,2023-12-24 21:24:38,1493.56,1333.48,True,Monospace
455,2018-12-18 11:28:05,4.59,324,Anglais,True,Soir,2023-07-29 08:22:28,7688.99,6864.9,True,Monospace
456,2018-11-14 03:02:54,4.39,126,Français,True,Nuit,2023-03-22 11:15:02,10104.16,9021.22,True,SUV
457,2019-06-28 22:52:38,4.12,476,Anglais,False,Matin,2023-02-28 11:31:06,2980.23,2660.82,True,Compacte
458,2021-09-08 11:05:53,4.38,101,Français,False,Matin,2023-10-27 21:47:07,8657.55,7729.66,True,SUV
459,2020-11-04 03:08:51,2.31,254,Anglais,True,Soir,2023-04-29 15:54:22,4929.6,4401.26,True,SUV
460,2020-03-02 20:39:36,3.15,64,Espagnol,True,Nuit,2023-09-12 00:41:55,5513.48,4922.56,True,Compacte
461,2022-07-09 12:43:34,1.88,425,Anglais,False,Matin,2023-08-28 04:47:31,10685.63,9540.37,True,Berline
462,2019-10-17 08:20:32,1.99,12,Allemand,False,Après-midi,2023-04-19 11:51:26,373.89,333.82,True,Compacte
463,2021-01-09 14:14:53,1.2,292,Espagnol,True,Matin,2023-04-12 05:44:40,8089.54,7222.52,True,Monospace
464,2021-02-25 19:20:24,2.68,312,Espagnol,True,Après-midi,2023-01-28 10:37:26,9110.44,8134.01,True,Monospace
465,2021-07-05 18:57:35,4.35,200,Italien,False,Matin,2023-09-25 18:46:44,3637.07,3247.26,True,Berline
466,2018-04-13 22:50:14,3.26,468,Italien,True,Soir,2023-12-05 15:56:46,550.28,491.3,True,Électrique
467,2019-05-04 14:27:45,1.63,23,Espagnol,True,Nuit,2023-04-13 10:04:10,7869.82,7026.35,True,SUV
468,2020-02-25 08:43:04,2.34,478,Espagnol,False,Soir,2023-04-03 11:02:15,3784.08,3378.51,True,Électrique
469,2019-01-15 15:17:03,4.91,256,Allemand,True,Nuit,2023-12-24 19:58:17,744.31,664.54,True,Compacte
470,2021-06-30 16:51:54,3.67,390,Italien,False,Après-midi,2023-02-25 21:24:58,2940.97,2625.76,False,SUV
471,2022-03-23 23:17:09,2.64,216,Italien,True,Matin,2023-01-19 12:01:55,4923.41,4395.73,True,Compacte
472,2022-12-28 11:47:17,3.37,62,Italien,True,Après-midi,2023-12-11 18:14:29,1016.81,907.83,True,Compacte
473,2020-06-26 02:01:31,3.24,106,Italien,True,Soir,2023-05-17 16:47:01,2212.87,1975.7,True,Berline
474,2018-05-13 18:19:14,3.46,446,Espagnol,True,Nuit,2023-01-30 12:31:36,6894.6,6155.65,True,Électrique
475,2018-04-10 12:08:45,4.59,239,Français,True,Matin,2023-11-27 19:54:58,10333.91,9226.35,True,Électrique
476,2019-07-12 22:46:43,3.82,60,Espagnol,True,Matin,2023-04-11 14:15:05,8990.88,8027.26,False,Berline
477,2018-08-05 11:44:03,4.65,335,Espagnol,True,Matin,2023-05-21 16:55:24,3527.72,3149.63,True,Électrique
478,2021-05-22 12:08:50,1.49,365,Italien,True,Après-midi,2023-01-04 14:10:55,10099.9,9017.42,True,SUV
479,2020-01-30 08:19:04,4.23,13,Allemand,False,Matin,2023-11-29 07:17:54,9631.58,8599.29,True,Berline
480,2018-06-06 00:49:38,4.68,415,Espagnol,True,Matin,2023-10-26 12:52:13,8895.36,7941.98,True,Monospace
481,2021-07-27 21:33:10,3.22,228,Espagnol,True,Nuit,2023-10-11 12:03:11,2877.62,2569.2,True,Berline
482,2018-02-19 18:44:47,2.31,286,Italien,True,Soir,2023-05-23 19:15:13,2274.79,2030.98,True,Électrique
483,2022-04-03 19:37:03,3.47,403,Italien,False,Matin,2023-04-18 11:54:40,126.73,113.15,True,SUV
484,2019-11-08 11:49:53,4.46,234,Français,True,Soir,2023-07-10 22:18:50,6358.35,5676.88,False,SUV
485,2019-02-19 07:10:06,2.61,296,Anglais,False,Soir,2023-10-23 08:47:17,4171.83,3724.7,True,SUV
486,2018-10-31 07:46:58,2.55,253,Espagnol,True,Matin,2023-06-08 03:42:01,217.61,194.29,True,Monospace
487,2020-09-07 05:59:59,2.41,357,Italien,True,Nuit,2023-02-04 23:41:45,10667.45,9524.14,True,Monospace
488,2022-01-21 16:16:22,4.65,106,Allemand,True,Nuit,2023-08-27 12:54:18,7159.68,6392.32,True,Électrique
489,2019-08-25 14:15:42,1.82,120,Espagnol,True,Après-midi,2023-04-07 17:19:24,10765.21,9611.42,True,SUV
490,2022-05-26 16:54:38,2.09,120,Italien,True,Après-midi,2023-04-18 20:02:33,5028.31,4489.39,True,Berline
491,2019-04-30 19:01:58,4.66,297,Italien,False,Nuit,2023-12-21 06:44:45,6369.97,5687.25,True,Électrique
492,2020-02-15 03:47:39,1.61,480,Espagnol,False,Soir,2023-01-25 20:14:02,3906.92,3488.19,True,SUV
493,2019-02-25 20:59:53,2.13,304,Anglais,True,Après-midi,2023-06-02 20:24:12,6827.71,6095.93,False,Monospace
494,2022-11-03 20:10:32,1.96,174,Anglais,True,Matin,2023-02-13 22:00:55,4994.71,4459.39,True,Compacte
495,2021-10-18 17:41:38,3.13,145,Anglais,False,Matin,2023-01-31 18:39:39,5916.95,5282.79,True,SUV
496,2019-03-31 23:44:10,2.17,436,Italien,False,Nuit,2023-05-23 19:12:23,618.39,552.11,False,Compacte
497,2021-08-25 02:49:52,1.6,332,Anglais,True,Matin,2023-04-05 00:36:12,2548.61,2275.46,True,Monospace
498,2018-08-05 13:11:56,2.3,341,Anglais,True,Matin,2023-06-06 01:56:03,1094.89,977.54,True,SUV
499,2019-05-20 16:27:58,3.9,185,Espagnol,False,Nuit,2023-11-11 06:57:55,809.19,722.46,True,SUV
500,2019-10-30 10:16:53,4.71,152,Allemand,True,Après-midi,2023-01-11 14:26:38,6367.39,5684.95,True,Électrique
